keyword,category,rating,source,notes
shopify per character pricing,Shopify Feature,98,user,"Highest intent — merchant knows exactly what they need"
shopify per letter pricing,Shopify Feature,97,user,"Near-identical to above, most likely to convert"
charge per character,Shopify Feature,88,user,"Platform-agnostic but very specific feature intent"
charge per letter,Shopify Feature,87,user,"Same as above — engravers especially use this term"
shopify charge per character,Shopify Feature,97,generated,"Shopify-scoped variant of above — very high intent"
shopify charge per letter,Shopify Feature,96,generated,"Same — engraving merchants search this exactly"
shopify price per character,Shopify Feature,96,generated,"Slight variant — equally high intent"
shopify price per letter,Shopify Feature,95,generated,"Common phrasing for engravers/monogrammers"
shopify text input pricing,Shopify Feature,94,user,"Merchant describing the feature they want"
shopify price based on text length,Shopify Feature,93,generated,"How a developer-minded merchant would phrase it"
shopify letter count pricing,Shopify Feature,93,generated,"Very direct feature description"
shopify character count pricing,Shopify Feature,93,generated,"Developer/technical variant"
shopify price by character count,Shopify Feature,92,generated,"Natural search phrasing"
shopify text length price,Shopify Feature,92,generated,"Variant"
shopify custom name pricing,Shopify Feature,91,user,"Very common for jewelry/engraving merchants"
how to charge per character shopify,Shopify Feature,91,generated,"Question-form search — high intent, no solution found yet"
how to charge per letter on shopify,Shopify Feature,91,generated,"Same — strong purchase signal"
shopify price based on characters typed,Shopify Feature,90,generated,"Long-tail, very specific"
shopify customer input pricing,Shopify Feature,90,user,"Merchant knows the concept, looking for app"
shopify personalization pricing,Shopify Feature,89,user,"Broader but still strong merchant intent"
shopify text field pricing,Shopify Feature,89,generated,"Technical framing from developer-minded merchant"
shopify engraving pricing app,Shopify Feature,89,generated,"Specific — merchant in engraving niche"
shopify engraving app,Shopify Feature,87,generated,"Strong niche intent"
shopify custom pricing app,Shopify Feature,86,generated,"Merchant shopping for a pricing app"
shopify custom order form,Shopify Feature,84,user,"Looking for input + pricing control"
shopify input based pricing,Shopify Feature,84,generated,"Technical framing"
shopify add price per letter,Shopify Feature,84,generated,"Instructional intent — about to buy or install"
shopify monogram pricing app,Shopify Feature,83,generated,"Niche-specific high intent"
shopify pricing app,Shopify Feature,82,generated,"Broad but clearly a merchant shopping for apps"
shopify line item property pricing,Shopify Feature,82,generated,"Developer-fluent merchant — very close to buying"
shopify charge based on customer input,Shopify Feature,82,generated,"Describes Etch exactly"
per character pricing shopify,Shopify Feature,82,user,"Reordered keyword — same intent"
shopify letter pricing,Shopify Feature,81,user,"Clean short-form — commonly searched"
shopify dynamic pricing,Shopify Feature,79,user,"Broader — could be volume discounts etc."
shopify variable pricing,Shopify Feature,78,generated,"Moderate — overlaps with other pricing apps"
shopify personalized by customer input,Shopify Feature,78,user,"Describes the feature accurately"
shopify customization pricing app,Shopify Feature,78,user,"Strong merchant intent"
variable price,Shopify Feature,76,user,"Generic but used by merchants searching features"
customer input price,Shopify Feature,76,user,"Merchant framing"
customer text price,Shopify Feature,75,user,"Merchant framing"
length of characters price,Shopify Feature,75,user,"Merchant phrasing"
charge length of characters,Shopify Feature,75,user,"Merchant phrasing"
shopify add custom text,Shopify Feature,74,user,"Could be just text field — partial match"
shopify custom pricing,Shopify Feature,73,user,"Broad — many apps compete here"
shopify personalization app,Shopify Feature,73,user,"Many apps in this space"
shopify product customizer,Shopify Feature,70,user,"Overlaps with design customizers (Color, font etc.)"
shopify customer form input,Shopify Feature,70,user,"Slightly technical framing"
custom price per input,Shopify Feature,70,user,"Reasonable framing"
shopify sell custom products,Shopify Feature,68,user,"Broad but merchant intent"
shopify custom apps,Shopify Feature,65,user,"Very broad — looking for any Shopify app"
shopify text input,Shopify Feature,64,generated,"Could be looking for just a text field widget"
shopify personalization pricing app,Shopify Feature,83,user,"Specific enough to be high intent"
etsy-like pricing on shopify,Shopify Feature,80,user,"Merchant migrating from Etsy — very relevant"
shopify etsy custom pricing,Shopify Feature,79,user,"Etsy migrators — knows Etch solves this"
shopify sell personalized products,Shopify Feature,72,generated,"Merchant intent, somewhat broad"
shopify cart transform app,Shopify Feature,76,generated,"Technical — developer or advanced merchant"
shopify no code customization,Shopify Feature,65,generated,"Broader — not pricing-specific"
shopify price modifier,Shopify Feature,69,generated,"Generic but relevant"
shopify price calculator,Shopify Feature,68,generated,"Could be looking for Etch"
set custom price,Shopify Feature,67,user,"Merchant intent but generic"
base price plus fee,Shopify Feature,72,user,"Very specific to Etch's model"
charge shopify custom,Shopify Feature,72,user,"Awkward phrasing but searches happen this way"
sell shopify custom,Shopify Feature,65,user,"Broad"
shopify b2b custom pricing,Shopify Feature,69,user,"B2B niche — relevant for corporate orders"
shopify b2b,Shopify Feature,48,user,"Very broad — B2B covers many features"
shopify per letter,Shopify Feature,90,user,"Short-form high intent"
shopify name engraving app,Shopify Feature,86,generated,"Niche high intent"
shopify monogram app,Shopify Feature,80,generated,"Niche high intent"
shopify add input field,Shopify Feature,71,generated,"Partial match — not always pricing-intent"
shopify product text input,Shopify Feature,76,generated,"Reasonable match"
shopify conditional pricing,Shopify Feature,70,generated,"Some overlap with Etch use cases"
shopify custom checkout pricing,Shopify Feature,72,generated,"Relevant framing"
how to price personalized products shopify,Shopify Feature,84,generated,"Question-form — merchant with a real problem"
shopify pricing based on name length,Shopify Feature,91,generated,"Very specific — almost certainly Etch's market"
engraving cost per letter shopify,Shopify Feature,92,generated,"Gold — engraver on Shopify needs exactly this"
shopify embroidery pricing app,Shopify Feature,82,generated,"Niche but very relevant"
shopify jewelry engraving app,Shopify Feature,86,generated,"Highly relevant niche"
shopify customer personalization field,Shopify Feature,75,generated,"Moderate intent"
shopify gift personalization app,Shopify Feature,74,generated,"Relevant but broad"
shopify app for engravers,Shopify Feature,87,generated,"Direct niche match"
shopify maker apps,Shopify Feature,62,user,"Craft/maker community — decent relevance"
shopify store builder,Shopify Feature,40,user,"Very broad — not pricing-specific"
shopify custom order pricing,Shopify Feature,79,generated,"Solid intent"
how to price custom embroidery,Use Case - Industry,78,generated,"Merchant looking to set up pricing — Etch solves this"
engraving price per letter,Use Case - Industry,88,generated,"Classic search from an engraving merchant"
laser engraving cost per letter,Use Case - Industry,84,generated,"Laser engravers pricing their work"
how much to charge for engraving,Use Case - Industry,80,generated,"Merchant setting prices — Etch is the solution"
engraving business pricing,Use Case - Industry,78,generated,"Business owner pricing their service"
how much to charge for monogramming,Use Case - Industry,77,generated,"Monogram business owner"
embroidery pricing per letter,Use Case - Industry,82,generated,"Embroidery shop on Shopify"
monogram price list,Use Case - Industry,70,generated,"Merchant building a price list"
laser engraving pricing,Use Case - Industry,76,user,"Laser engravers — strong niche match"
laser engraving pricing calculator,Use Case - Industry,80,generated,"Active merchant calculating — Etch does this"
monogram pricing,Use Case - Industry,72,user,"Merchants pricing monogram work"
monogramming,Use Case - Industry,52,user,"Could be buyers or sellers — medium value"
how to sell engraved jewelry online,Use Case - Industry,74,generated,"Merchant setting up shop — needs Etch"
start custom engraving business,Use Case - Industry,68,generated,"Early-stage merchant — top of funnel"
engraving pricing app,Use Case - Industry,85,generated,"Looking for exactly what Etch is"
sell personalized gifts online,Use Case - Industry,64,generated,"Merchant intent — Etch could be the solution"
how to price engraving per letter,Use Case - Industry,90,generated,"Perfect match — searching for Etch's core feature"
personalized product pricing,Use Case - Industry,72,generated,"Merchant framing"
custom engraving shopify,Use Case - Industry,85,generated,"Merchant + niche + platform = high value"
custom engraving,Use Case - Product,32,user,"Mostly buyers browsing — some merchant intent"
custom engraved,Use Case - Product,28,user,"Mostly buyer searches"
personalized jewelry,Use Case - Product,18,user,"Almost entirely buyers — very low for Etch"
custom jewelry,Use Case - Product,20,user,"Buyers"
personalized gifts,Use Case - Product,12,user,"Buyers — minimal merchant intent"
personalized items,Use Case - Product,14,user,"Buyers"
custom t shirts,Use Case - Product,22,user,"Could be Shopify merchant looking for tee customizer — low match"
custom mug,Use Case - Product,16,user,"Buyers or print-on-demand seekers"
custom tote bags,Use Case - Product,18,user,"Buyers"
custom water bottles,Use Case - Product,16,user,"Buyers"
custom coasters,Use Case - Product,16,user,"Buyers"
custom stickers,Use Case - Product,14,user,"Sticker buyers — very low"
custom signs,Use Case - Product,20,user,"Could be businesses ordering signs — low for Etch"
custom wrist bands,Use Case - Product,18,user,"Buyers"
custom bracelets,Use Case - Product,20,user,"Buyers — some personalized jewelry sellers"
custom vinyl,Use Case - Product,15,user,"Craft supply or Cricut community — low"
custom keychains,Use Case - Product,18,user,"Buyers"
custom notepads,Use Case - Product,17,user,"Buyers"
custom posters,Use Case - Product,16,user,"Buyers"
custom magnets,Use Case - Product,16,user,"Buyers"
custom boxes,Use Case - Product,20,user,"Packaging buyers"
custom coins,Use Case - Product,22,user,"Challenge coin buyers — some are resellers"
custom belt buckles,Use Case - Product,18,user,"Buyers"
custom aprons,Use Case - Product,18,user,"Buyers"
custom tags,Use Case - Product,19,user,"Buyers"
custom patch,Use Case - Product,20,user,"Buyers"
custom dog gifts,Use Case - Product,12,user,"Buyers"
custom pet gifts,Use Case - Product,13,user,"Buyers"
custom baby gifts,Use Case - Product,12,user,"Buyers"
custom anniversary gifts,Use Case - Product,13,user,"Buyers"
custom birthday gifts,Use Case - Product,13,user,"Buyers"
custom phone cases,Use Case - Product,14,user,"Buyers"
custom hats,Use Case - Product,18,user,"Buyers"
custom caps,Use Case - Product,17,user,"Buyers"
custom embroidery,Use Case - Product,30,user,"Some merchant intent — embroidery shop owners"
custom wood signs,Use Case - Product,22,user,"Wood sign sellers — some relevance"
custom neon signs,Use Case - Product,19,user,"Buyers mostly"
custom stamps,Use Case - Product,16,user,"Buyers"
custom labels,Use Case - Product,19,user,"Small biz labels — some merchant intent"
custom packaging,Use Case - Product,24,user,"Small business packaging — some merchant intent"
custom print on demand,Use Case - Product,38,user,"Print-on-demand merchant — partial overlap"
print on demand pricing,Use Case - Product,42,user,"POD merchant setting prices — some Etch overlap"
personalized bookmarks,Use Case - Product,14,user,"Buyers"
personalized key ring,Use Case - Product,16,user,"Buyers"
personalized wedding gifts,Use Case - Product,14,user,"Buyers"
customized wedding gifts,Use Case - Product,16,user,"Could be Shopify merchant selling wedding gifts"
corporate apparel,Use Case - Industry,44,user,"B2B merchant — moderate relevance for Etch"
corporate apparel shopify,Use Case - Industry,62,user,"Shopify merchant in corporate apparel — good match"
shopify printing,Ecommerce Platform,42,user,"Print shop on Shopify — some relevance"
ecommerce custom pricing,Ecommerce Platform,72,user,"Merchant looking for pricing solution"
ecommerce solution,Ecommerce Platform,30,user,"Very broad — low conversion"
ecommerce builder,Ecommerce Platform,28,user,"Looking for a platform, not an app"
ecommerce crafter app,Ecommerce Platform,55,user,"Craft seller looking for ecommerce tools — decent"
shopify experts,Ecommerce Platform,45,user,"Looking for a developer/consultant — low direct match"
shopify partners,Ecommerce Platform,42,user,"Same as above"
shopify payments,Ecommerce Platform,25,user,"Looking for payment processing — not Etch"
my shopify,Ecommerce Platform,22,user,"Navigation search — not intent-based"
cheap shopify,Ecommerce Platform,20,user,"Looking for cheap Shopify plan — not app"
best shopify app,Ecommerce Platform,55,user,"App shopping — Etch could show up"
best shopify crafters,Ecommerce Platform,60,user,"Niche — craft Shopify sellers"
shopify developer,Ecommerce Platform,35,user,"Looking for a developer, not an app"
top shopify apps,Ecommerce Platform,52,user,"App discovery — Etch could appear in lists"
custify pricing,Ecommerce Platform,8,user,"Wrong product — Custify is a CRM"
elementor shopify,Ecommerce Platform,10,user,"Wrong ecosystem — Elementor is WordPress"
shopify store builder,Ecommerce Platform,38,user,"Looking for store setup help"
custom shopify products,Ecommerce Platform,60,user,"Merchant building custom product catalog"
shopify pricing,Ecommerce Platform,30,user,"Usually looking for Shopify plan pricing — not apps"
personalized product shopify app,Ecommerce Platform,78,user,"Direct app search — high intent"
shopify vs etsy custom pricing,Ecommerce Platform,70,generated,"Merchant choosing platform — very relevant"
shopify etsy migration pricing,Ecommerce Platform,72,generated,"Migrating from Etsy — needs Etch"
sell custom products online,Ecommerce Platform,58,generated,"Merchant intent — broad but relevant"
best app for custom pricing shopify,Ecommerce Platform,88,generated,"App comparison search — extremely high intent"
shopify app for personalized products,Ecommerce Platform,82,generated,"Direct app search"
shopify no code pricing app,Ecommerce Platform,80,generated,"No-code merchant — Etch is perfect"
shopify product options pricing,Ecommerce Platform,74,generated,"Options-based pricing — related"
shopify custom field price,Ecommerce Platform,83,generated,"Very descriptive of Etch"
shopify form pricing,Ecommerce Platform,74,generated,"Form-based pricing — relevant"
how to add pricing to custom text shopify,Ecommerce Platform,90,generated,"Long-tail question — someone Googling exactly for Etch"
shopify app personalized text pricing,Ecommerce Platform,92,generated,"Perfect — app search for text-based pricing"
shopify sell engraved products,Ecommerce Platform,76,generated,"Niche merchant intent"
shopify custom monogram pricing,Ecommerce Platform,88,generated,"Very specific niche — high intent"
shopify monogram pricing,Ecommerce Platform,85,generated,"High intent niche search"
